sentiment,category,source,title,description,content,url,publishedAt
,,New York Post,Israeli soccer fans in Amsterdam attacked by mob shouting ‘Free Palestine’ — Netanyahu sends planes to evacuate citizens,"Hundreds of fans of the Maccabi Tel Aviv soccer club were targeted as they walked out of the stadium following a Europa League game against a Dutch team, AFC Ajax, the Israeli Embassy to the United States said.","Israeli soccer fans were ambushed and brutally assaulted in Amsterdam overnight Thursday by a mob shouting “Free Palestine,” leading the Jewish states government to send planes to evacuate its citize… [+3723 chars]",https://nypost.com/2024/11/08/world-news/israeli-soccer-fans-ambushed-in-amsterdam-after-europa-league-game-in-netherlands/,
,,Biztoc.com,Netanyahu urges Netherlands to 'act swiftly against rioters',"Israeli Prime Minister Benjamin Netanyahu called on Dutch Prime Minister Dick Schoof and local security forces to ""to act decisively and swiftly"" against apparent pro-Palestinian rioters who...","Israeli Prime Minister Benjamin Netanyahu called on Dutch Prime Minister Dick Schoof and local security forces to ""to act decisively and swiftly"" against apparent pro-Palestinian rioters who...  This… [+59 chars]",https://biztoc.com/x/6b373f26ce00b6b8,
,,Haaretz,"Official: Police aim to limit scope of BibiLeaks probe, distance it from Netanyahu","A senior law enforcement official told Haaretz that tensions exist within the investigation into the leak of classified materials. Police, investigating alongside the Shin Bet, rejected claims, attributing them to a professional disagreement among authorities","A senior law enforcement official told Haaretz that tensions exist within the investigation into the leak of classified materials. Police, investigating alongside the Shin Bet, rejected claims, attri… [+59 chars]",https://www.haaretz.com/israel-news/2024-11-08/ty-article/.premium/official-police-aim-to-limit-scope-of-bibileaks-probe-distance-it-from-netanyahu/00000193-0bcd-dd35-a79f-6bffc4450000,
,,Haaretz,"Netanyahu appoints Yechiel Leiter as Israel's ambassador to U.S. Hardline settler, ex-member of far-right Kahanist group","American immigrant, former member of Meir Kahane's Jewish Defense League, West Bank annexation supporter, senior fellow at Kohelet Policy Forum and first-time diplomat. The pick signals Netanyahu's intention to align with Israel's settler movement in collabor…","American immigrant, former member of Meir Kahane's Jewish Defense League, West Bank annexation supporter, senior fellow at Kohelet Policy Forum and first-time diplomat. The pick signals Netanyahu's i… [+103 chars]",https://www.haaretz.com/israel-news/2024-11-08/ty-article/.premium/netanyahu-picks-yechiel-leiter-as-ambassador-to-u-s-settler-ex-member-of-kahanist-group/00000193-0c1a-d3a2-a3d7-4f5b295d0000,
,,Fox News,"Netanyahu asks Dutch leader for increased security after attacks, IDF plans rescue mission in Amsterdam",Israeli soccer fans were attacked by anti-Israel protesters outside a stadium in Amsterdam. Up to 20 Israelis were injured and seven others are unaccounted for.,Israeli Prime Minister Benjamin Netanyahu on Friday asked his counterpart in the Netherlands to provide more security for Israelis after fans of the Maccabi Tel Aviv FC    soccer team were attacked o… [+2150 chars],https://www.foxnews.com/world/netanyahu-asks-dutch-leader-increased-security-after-attacks-idf-plans-rescue-mission-amsterdam,
,,HuffPost,Looming Trump Presidency Set To Embolden Netanyahu And Hurt Palestinians,"The new U.S. administration is “going to be terrible for any sort of humanitarian effort in Palestine,” a State Department official told HuffPost.","Israeli Prime Minister Benjamin Netanyahu has already celebrated Donald Trumps U.S. presidential election victory this week as historys greatest comeback. And on Friday, Netanyahu signaled what he th… [+12594 chars]",https://www.huffpost.com/entry/netanyahu-trump-election-palestinians_n_672fbaa6e4b052f25adc818f,
,,Haaretz,"In sign of growing strains, Netanyahu not invited to biggest Jewish-American confab of the year","Netanyahu not being invited to address the Jewish Federations of North America is a sign of how divisive a figure he has become in the U.S., even among Jewish organizations that have typically refrained from criticizing the Israeli prime minister and his gove…","For the first time in his many years of serving as prime minister of Israel, Benjamin Netanyahu has not been invited to address the annual conference of the Jewish Federations of North America, which… [+41 chars]",https://www.haaretz.com/israel-news/2024-11-09/ty-article/.premium/in-first-netanyahu-not-invited-to-biggest-jewish-american-confab-of-the-year/00000193-11f6-de12-adbb-93f7bdaf0000,
,,Breitbart News,'Deal of the Century' in the Works: Boulos Reaches Out to Palestinians; Trump Talks to Netanyahu,"President-elect Donald Trump appears serious about achieving Israeli-Palestinian peace -- the so-called ""Deal of the Century"" -- that he pursued during his first term, which resulted in the Abraham Accords but did not bring the Palestinians aboard. The post ‘…","President-elect Donald Trump appears serious about achieving Israeli-Palestinian peace — the so-called “Deal of the Century” — that he pursued during his first term, which resulted in the Abraham Acc… [+3319 chars]",https://www.breitbart.com/middle-east/2024/11/10/deal-of-the-century-in-the-works-boulos-reaches-out-to-palestinians-trump-talks-to-netanyahu/,
,,DW (English),"Middle East: Israel strikes Beirut, after Netanyahu rejects cease-fire","Israel said it targeted a Hezbollah weapons depot in Beirut, after rejecting any 'unilateral' ceasefire plan. Meanwhile, the regional conflict is expected to top the agenda at first EU-Gulf summit. DW has more.","An Israeli strike hit southern Beirut on Wednesday, media sources reported. Israel's army said its jets had hit a Hezbollah underground strategic weapons storage depot.  It was the first strike on th… [+952 chars]",https://www.dw.com/en/middle-east-israel-strikes-beirut-after-netanyahu-rejects-cease-fire/live-70508934,2024-10-16T07:59:00Z
,,DW (English),"Middle East: Israel strikes Beirut, after Netanyahu rejects ceasefire","Israel said it targeted a Hezbollah weapons depot in Beirut, after rejecting any 'unilateral' ceasefire plan. Meanwhile, the regional conflict is expected to top the agenda at first EU-Gulf summit. DW has more.","An Israeli strike hit southern Beirut on Wednesday, media sources reported. Israel's army said its jets had hit a Hezbollah underground strategic weapons storage depot.  It was the first strike on th… [+952 chars]",https://www.dw.com/en/middle-east-israel-strikes-beirut-after-netanyahu-rejects-ceasefire/live-70508934,2024-10-16T07:59:00Z
,,The Jerusalem Post,"Macron: Israel was created by UN, Netanyahu should not forget it","It was not a UN decision that established the State of Israel but the victory that was achieved in the War of Independence with the blood of our heroic fighters, the PMO said in response.","Prime Minister Benjamin Netanyahu should not fail to forget that a UN resolution created Israel, French President Emmanuel Macron said while convening with ministers on Tuesday, according to Le Paris… [+1920 chars]",https://www.jpost.com/israel-news/article-824847,2024-10-16T06:45:31Z
,,The Jerusalem Post,Netanyahu pushing for IDF control of aid distribution in Gaza,Prime Minister Benjamin Netanyahu has pushed for the IDF to take control of aid distribution in the Gaza Strip,"Prime Minister Benjamin Netanyahu has pushed for the IDF to take control of aid distribution in the Gaza Strip, according to a report on N12.  This is a developing story.",https://www.jpost.com/breaking-news/article-824952,2024-10-16T18:01:48Z
,,The Jerusalem Post,Netanyahu has approved targets for an attack against Tehran,An Israeli source told ABC News on Wednesday that Prime Minister Benjamin Netanyahu approved a list of targets,An Israeli source told ABC News on Wednesday that Prime Minister Benjamin Netanyahu approved a list of targets to attack in response to Iran's aerial assault.  The source declined to elaborate on the… [+137 chars],https://www.jpost.com/breaking-news/article-824964,2024-10-16T21:48:20Z
,,The Jerusalem Post,"Netanyahu: Sinwar’s dead, now time to stop axis of evil, free hostages",He spoke shortly after the IDF confirmed that its soldiers had killed the Hamas leader in Rafah.,"Hamas’s leader Yahya Sinwar’s assassination opens the possibility of bringing an end to the Iran-led axis of evil and renews the possibility of freeing the remaining 101 hostages, Prime Minister Benj… [+2095 chars]",https://www.jpost.com/israel-news/article-825057,2024-10-17T17:46:37Z
,,BBC News,Netanyahu says focus on hostages after Sinwar death,"Sinwar, who topped Israel's most-wanted list, was a key figure believed to have been behind the 7 October attacks.","Israel's Prime Minister Benjamin Netanyahu has spoken, following the killing of Hamas leader Yahya Sinwar.   Sinwar, who topped Israel's most-wanted list, was a key figure believed to have been behin… [+122 chars]",https://www.bbc.com/news/videos/c5y8lnqrv2go,2024-10-17T19:21:15Z
,,The Jerusalem Post,Biden spoke with Netanyahu about new options to free Gaza hostages,US President Joe Biden spoke with Prime Minister Benjamin Netanyahu about new opportunities to free the remain,US President Joe Biden spoke with Prime Minister Benjamin Netanyahu about new opportunities to free the remaining 101 hostages in Gaza in the aftermath of the IDF’s killing of Hamas leader Yahya Sinw… [+509 chars],https://www.jpost.com/breaking-news/article-825070,2024-10-17T19:28:18Z
,,The Jerusalem Post,Netanyahu criticizes Macron comment saying that the UN created Israel - report,Prime Minister Benjamin Netanyahu criticized French President Emmanuel Macron's statements regarding Israel an,"Prime Minister Benjamin Netanyahu criticized French President Emmanuel Macron's statements regarding Israel and the UN in an exclusive interview with French newspaper Le Figaro on Thursday, which was… [+431 chars]",https://www.jpost.com/breaking-news/article-824998,2024-10-17T08:00:22Z
,,The Jerusalem Post,Netanyahu orders increase in Gaza aid to 250 humanitarian aid trucks per day - report,Prime Minister Benjamin Netanyahu has reportedly ordered to increase the amount of humanitarian aid trucks ent,"Prime Minister Benjamin Netanyahu has reportedly ordered to increase the amount of humanitarian aid trucks entering the Gaza Strip to 250 trucks a day, KAN reported on Friday evening.   Israel's cabi… [+321 chars]",https://www.jpost.com/breaking-news/article-825173,2024-10-18T18:12:35Z
,,The Jerusalem Post,PM's wife Sarah Netanyahu criticized for Sukkot message amid Oct. 7 anniversary,"The backlash was swift, with comments such as, “You are living at our expense,” and, “You are a sick and evil woman.”","Prime Minister Benjamin Netanyahu’s wife, Sara Netanyahu, sparked criticism after addressing the families of hostages and fallen soldiers on social media on Wednesday, the first night of the Sukkot J… [+2088 chars]",https://www.jpost.com/israel-news/article-825082,2024-10-18T01:40:39Z
,,DW (English),Middle East: Netanyahu says Hezbollah tried to kill him,"Israeli Prime Minister Benjamin Netanyahu said Hezbollah would pay a ""heavy price"" for launching a drone targeting his house. Meanwhile, Hamas officials said dozens were killed in strikes in Gaza. DW has the latest.",The US is investigating a leak of highly classified documents with information about Israel's preparations for a potential strike on Iran.  US news outlets Axios and CNN first reported the news about… [+1025 chars],https://www.dw.com/en/middle-east-netanyahu-says-hezbollah-tried-to-kill-him/live-70543202,2024-10-19T22:24:00Z
,,Americanthinker.com,Netanyahu tries to protect U.N. peacekeepers,"As the war between Israel and Hezb’allah continues to escalate, many are getting caught in the crossfire. Including several U.N. peacekeepers.    But despite the accusations of some countries, Prime Minister Benjamin Netanyahu is looking out fo...","As the war between Israel and Hezb’allah continues to escalate, many are getting caught in the crossfire. Including several U.N. peacekeepers.  But despite the accusations of some countries, Prime Mi… [+3981 chars]",https://www.americanthinker.com/blog/2024/10/netanyahu_tries_to_protect_u_n_peacekeepers.html,2024-10-19T04:00:00Z
,,DW (English),Middle East: Netanyahu warns of Hezbollah's 'grave mistake',"Israeli Prime Minister Benjamin Netanyahu said Hezbollah would pay a ""heavy price"" for launching a drone targeting his holiday home in Israel. Meanwhile, Hamas officials said dozens were killed in strikes in Gaza. Israeli leader Benjamin Netanyahu blamed Hezb…",Israel's Prime Minister Benjamin Netanyahu accused Iran-backedHezbollah of trying to assassinate him.  Netanyahu's office said a drone was launched toward his residence in the central town of Caesare… [+848 chars],https://www.dw.com/en/middle-east-netanyahu-warns-of-hezbollahs-grave-mistake/live-70543202,2024-10-19T22:24:00Z
,,The Jerusalem Post,"Netanyahu said he wouldn't listen to Biden, Trump announces at Penn. rally",The reason Israel is in such a strong position is Prime Minister Benjamin Netanyahu's refusal to listen to Pre,"The reason Israel is in such a strong position is Prime Minister Benjamin Netanyahu's refusal to listen to President Joe Biden, President Donald Trump said at a rally in Pennsylvania on Saturday nigh… [+534 chars]",https://www.jpost.com/breaking-news/article-825263,2024-10-20T00:14:42Z
,,The Jerusalem Post,"Netanyahu told Trump Israel will make decisions based on its interests, PM's office says","Israeli Prime Minister Benjamin Netanyahu spoke with former US President Donald Trump, the prime minister's of","Israeli Prime Minister Benjamin Netanyahu spoke with former US President Donald Trump, the prime minister's office said on Sunday.  ""Prime Minister Netanyahu reiterated what he has also said publicly… [+511 chars]",https://www.jpost.com/breaking-news/article-825367,2024-10-20T17:05:13Z
,,The Jerusalem Post,Netanyahu is rooting for Trump: Here's why you shouldn't,"Netanyahu and Trump share a political alliance driven by ego. Their relationship influences US-Israel ties, with both leaders aiming to reshape policies while evading legal troubles.","Benjamin Netanyahu went to Cheltenham High School outside Philadelphia, got an MBA at MIT, and a job at Boston Consulting Group, where he made friends with Mitt Romney. The ambitious young Israeli is… [+6944 chars]",https://www.jpost.com/opinion/article-825245,2024-10-20T00:30:00Z
,,The Jerusalem Post,Top UN officials to Netanyahu: Help us ease civilian suffering,"UN chiefs urgently appeal to Netanyahu for humanitarian aid in Gaza, citing critical shortages and potential famine amid ongoing conflict.","The heads of the United Nations World Food Programme and UN children's agency UNICEF have privately appealed to Israeli Prime Minister Benjamin Netanyahu for help ""alleviating the suffering of countl… [+4492 chars]",https://www.jpost.com/israel-news/article-825566,2024-10-21T20:29:33Z
,,The Jerusalem Post,Netanyahu to Blinken: Assassination attempt against me can’t be ignored,The two men discussed Israel’s expected retaliatory strike against Iran’s ballistic missile attack on the Jewish state on October 1.,"Iran and Hezbollah’s assassination attempt can’t be disregarded, Prime Minister Benjamin Netanyahu told US Secretary of State Antony Blinken when the two men met in Jerusalem.  “This is an issue of d… [+2799 chars]",https://www.jpost.com/breaking-news/article-825734,2024-10-22T16:23:32Z
,,The Jerusalem Post,"Netanyahu, Blinken discuss Gaza's future, hostage deal in Jerusalem","“The two sides discussed the issue of the governing framework in Gaza on the day after the war,” the Prime Minister’s Office said.",The governance of Gaza the day after the war and the potential for a hostage deal were among the topics raised during Prime Minister Benjamin Netanyahu's meeting with US Secretary of State Antony Bli… [+4302 chars],https://www.jpost.com/israel-news/article-825754,2024-10-22T18:51:38Z
,,The Jerusalem Post,"Civilian probe gives Netanyahu, Gallant, Bennett, and Gantz final chance to testify",All four have declined to testify before the probe.,"The unofficial civilian probe of the events leading up to October 7 sent a warning Tuesday to Prime Minister Benjamin Netanyahu, Defense Minister Yoav Gallant, former prime minister Naftali Bennett, … [+3355 chars]",https://www.jpost.com/israel-news/politics-and-diplomacy/article-825676,2024-10-22T11:54:15Z
,,The Jerusalem Post,"Gantz to back Knesset bills against UNRWA, as Netanyahu may block them","“UNRWA chose to make itself an inseparable component of Hamas’ mechanism - and now is the time to detach ourselves entirely from it,” Gantz said Tuesday.","National Unity Party chairman Benny Gantz called for the passage of two Knesset bills that would shut down the United Nations Relief and Works Agency’s operation in Gaza, the West Bank, and east Jeru… [+6244 chars]",https://www.jpost.com/israel-news/article-825740,2024-10-22T17:05:32Z
,,The Jerusalem Post,Netanyahu must put his ministers in order to successfully make a 'day after' plan,Netanyahu must put his house in order and instruct the MKs in his party and the ministers in his coalition to wait with these ambiguous statements regarding settlements.,"With more than 100 hostages still unaccounted for in Gaza and Israel a year deep into the war in Gaza as well as now also being entrenched in Lebanon, 500 activists gathered near Kibbutz Be’eri close… [+4174 chars]",https://www.jpost.com/opinion/article-825763,2024-10-23T03:01:56Z
,,The Jerusalem Post,ICC replaces on health grounds judge mulling request for Netanyahu arrest warrant,"The president of the ICC said the presiding judge in the case, Romanian magistrate Iulia Motoc, had asked to be replaced on health grounds on Friday.",The International Criminal Court (ICC) on Friday announced it would replace on health grounds one of the judges deciding on a prosecution request to issue an arrest warrant for Israeli Prime Minister… [+895 chars],https://www.jpost.com/breaking-news/article-826093,2024-10-25T14:10:05Z
,,The Jerusalem Post,Netanyahu says Israel chose targets in Iran based on its national interests,Israeli Prime Minister Benjamin Netanyahu said on Saturday that Israel had chosen the targets it attacked in I,"Israeli Prime Minister Benjamin Netanyahu said on Saturday that Israel had chosen the targets it attacked in Iran based on its national interests, not according to what was dictated by the United Sta… [+384 chars]",https://www.jpost.com/breaking-news/article-826208,2024-10-26T19:31:21Z
,,The Jerusalem Post,Netanyahu confirms Israel struck Iranian missile production targets,"The IAF “hit areas in Iran severely harming its defense capabilities and its ability to produce missiles that would be launched at us,” Netanyahu said at the ceremony in Mt. Herzl.",Prime Minister Benjamin Netanyahu confirmed that the Israeli Air Force struck Iranian missile targets early Saturday morning in a public address he gave at a state ceremony to mourn the fallen soldie… [+5754 chars],https://www.jpost.com/middle-east/iran-news/article-826289,2024-10-27T10:59:34Z
,,The Jerusalem Post,PM Netanyahu opposed negotiation deal to release four hostages - report,Prime Minister Benjamin Netanyahu opposed an Egyptian proposal of a possible hostage deal that would entail a,"Prime Minister Benjamin Netanyahu opposed an Egyptian proposal of a possible hostage deal that would entail a two-day ceasefire in exchange for the release of four hostages held captive by Hamas, an … [+374 chars]",https://www.jpost.com/breaking-news/article-826364,2024-10-27T19:55:46Z
,,The Jerusalem Post,Protesters interrupt Netanyahu at ceremony for fallen Oct. 7 civilians,Protesters interrupted Prime Minister Benjamin Netanyahu Sunday as he spoke at a ceremony to honor the civilia,Protesters interrupted Prime Minister Benjamin Netanyahu Sunday as he spoke at a ceremony to honor the civilians who fell on October 7 and in the ensuing war.  Protesters broke into shouts as he bega… [+10 chars],https://www.jpost.com/breaking-news/article-826298,2024-10-27T12:46:54Z
,,The Jerusalem Post,Gallant warns Netanyahu: Israel’s war lacks clear direction and updated objectives,The defense minister's leaked letter revealed urgent call for updated war goals across multiple fronts,"Defense Minister Yoav Gallant has warned Prime Minister Benjamin Netanyahu that Israel's war strategy lacks clear direction and needs updated objectives, according to a report by Channel 13 News. In … [+1996 chars]",https://www.jpost.com/israel-news/article-826346,2024-10-27T18:32:36Z
,,The Jerusalem Post,Finance ministers to Netanyahu: Smotrich will cause Palestinian economy to collapse - report,US Treasury Secretary Janet Yellen and seven of her Western counterparts sent a letter to Prime Minister Benja,"US Treasury Secretary Janet Yellen and seven of her Western counterparts sent a letter to Prime Minister Benjamin Netanyahu, warning him about steps being taken by Finance Minister Bezalel Smotrich, … [+274 chars]",https://www.jpost.com/breaking-news/article-826314,2024-10-27T14:40:21Z
,,The Jerusalem Post,Netanyahu tells haredi MKs Gallant's dismissal possible after Iran strikes,"Netanyahu may replace Gallant with someone else following operations against Iran, urging coalition unity as ultra-Orthodox parties threaten disruption.","Prime Minister Benjamin Netanyahu has reportedly informed his ultra-Orthodox coalition partners that Defense Minister Yoav Gallant could face dismissal after the anticipated strikes on Iran, Kan News… [+1217 chars]",https://www.jpost.com/israel-news/article-826362,2024-10-27T19:43:39Z
,,The Jerusalem Post,"Tikva forum demands Netanyahu meeting, calls for no negotiation with Hamas",The resistance of the Tikva forum to a deal and to negotiation with Hamas is at odds with the opinions of many hostage families and with the stance of the Hostage Family Forum.,"As CIA Director William Burns is set to renew hostage talks in Doha on Sunday, families of the Tikva (Hope) Forum have demanded an urgent meeting with Prime Minister Benjamin Netanyahu, saying, ""The … [+1769 chars]",https://www.jpost.com/israel-news/article-826323,2024-10-27T16:03:07Z
,,The Jerusalem Post,"Netanyahu: Two-day ceasefire deal doesn't exist, I would have accepted if it did",Prime Minister Benjamin Netanyahu said that there was no possibility of a two-day ceasefire for the return of,"Prime Minister Benjamin Netanyahu said that there was no possibility of a two-day ceasefire for the return of four hostages in comments during a Likud party meeting on Monday.  ""It's possible that [H… [+478 chars]",https://www.jpost.com/breaking-news/article-826484,2024-10-28T14:52:24Z
,,The Jerusalem Post,Netanyahu would have accepted Egyptian hostage deal ‘immediately’,"The PMO refuted the Egyptian President's proposed four-hostage deal, claiming no such offer was received while asserting Netanyahu would have 'immediately' accepted it.","The Prime Minister’s Office made a post on Twitter/X on Monday denying the existence of a hostage deal that would allow for the release of four hostages in exchange for a 48-hour ceasefire, which Egy… [+1120 chars]",https://www.jpost.com/israel-news/article-826553,2024-10-28T22:35:06Z
,,The Jerusalem Post,Netanyahu hints at possible hostage deal as high-level talks resume,"“Hamas is putting forward conditions that we can’t agree to,” Netanyahu said, adding that it now seemed that “those conditions could be rescinded.",Prime Minister Benjamin Netanyahu struck a rare note of optimism about the possibility of a deal to secure the release of the remaining 101 hostages as he spoke with the Likud faction in the Knesset … [+3204 chars],https://www.jpost.com/israel-news/article-826538,2024-10-28T20:09:45Z
,,The Jerusalem Post,Netanyahu vows to prevent Iran from acquiring nuclear weapons following IDF strikes,The Biden administration had been very public in its insistence that Israel not strike Iran's nuclear facilities or its oil fields.,"Israel is determined to stop Iran from acquiring nuclear weapons, Prime Minister Benjamin Netanyahu told the Knesset as he touted the IDF's successful strike against the Islamic Republic's convention… [+1612 chars]",https://www.jpost.com/israel-news/article-826509,2024-10-28T17:00:27Z
,,Electronicintifada.net,Netanyahu allies push to recolonize Gaza as US election nears,"“If we want it, we can renew settlements in Gaza,” says Israeli national security minister Itamar Ben-Gvir.","Michael F. BrownRights and Accountability29 October 2024  Vice President Kamala Harris, President Joe Biden and Secretary of State Antony Blinken are complicit in Israels war crimes and genocide in G… [+12514 chars]",https://electronicintifada.net/blogs/michael-f-brown/netanyahu-allies-push-recolonize-gaza-us-election-nears,2024-10-29T04:09:00Z
,,The Jerusalem Post,Hostage families demand urgent meeting with Netanyahu: Time to bring them home,The demand was made through the Hostage Family Forum by a panel of six hostage family members.,"Families of the hostages from the Hostage Family Forum demanded an urgent meeting with Prime Minister Benjamin Netanyahu, saying that now is the time to bring the hostages home in a deal.  ""Before [t… [+1756 chars]",https://www.jpost.com/israel-news/article-826630,2024-10-29T09:54:49Z
,,The Jerusalem Post,Israel's Netanyahu to hold discussion with ministers regarding settlement to end Lebanon war,Prime Minister Benjamin Netanyahu will hold a meeting on Tuesday evening with several ministers and the heads,Prime Minister Benjamin Netanyahu will hold a meeting on Tuesday evening with several ministers and the heads of the military and intelligence community about the talks on a diplomatic solution to th… [+65 chars],https://www.jpost.com/breaking-news/article-826680,2024-10-29T15:40:02Z
,,The Jerusalem Post,Jackson Hinkle challenges Yair Netanyahu to boxing match,"Communist activist Jackson Hinkle challenges PM's son Yair Netanyahu to boxing match with provocative terms, drawing mixed reactions on social media.","Communist political activist Jackson Hinkle posted on X/Twitter that he had challenged Yair Netanyahu to a boxing match on Tuesday.  In the post, Hinkle showed a screenshot of a document outlining th… [+1410 chars]",https://www.jpost.com/israel-news/article-826744,2024-10-29T23:12:31Z
,,The-sun.com,New Hezbollah boss threatens to KILL Netanyahu in 1st speech...,"New Hezbollah boss threatens to KILL Netanyahu in 1st speech...          (Third column, 9th story, link)              Related stories:Lebanon hopes for ceasefire with Israel in 'coming hours'...            Drudge Report Feed needs your support!   Become a Pat…",HEZBOLLAH'S new terror chief has threatened to kill Israeli PM Benjamin Netanyahu in his first national address as leader.  An ageing Naim Qassem made the twisted comments days after the Israel Defen… [+6647 chars],https://www.the-sun.com/news/12786714/hezbollah-boss-threatens-kill-netanyahu-israel/,2024-10-30T22:10:38Z
,,The Jerusalem Post,Netanyahu wants to postpone son's wedding due to security considerations,"Netanyahu expressed concerns regarding the drone threat, reportedly saying, ""For missiles, we have good detection and interception systems.""","Prime Minister Benjamin Netanyahu is looking to postpone the wedding of his son, Avner, due to security considerations, KAN News reported on Wednesday.    KAN claimed that Netanyahu has stated behind… [+1347 chars]",https://www.jpost.com/israel-news/article-826761,2024-10-30T07:58:07Z
,,The Jerusalem Post,Netanyahu: Top goal is preventing nuclear weapons from Iran,Prime Minister Benjamin Netanyahu addressed Israel's strike on Iran while speaking at an IDF officers' course,"Prime Minister Benjamin Netanyahu addressed Israel's strike on Iran while speaking at an IDF officers' course closing ceremony on Thursday.  ""Israel has more freedom of action in Iran than it ever ha… [+94 chars]",https://www.jpost.com/breaking-news/article-827034,2024-10-31T15:31:17Z
,,The Jerusalem Post,"Illouz digs in on haredi draft, defying Netanyahu",PM Netanyahu reportedly criticized Illouz for voicing his opposition to the gov's new initiative to incentivize haredim not to enlist in the IDF.,"MK Dan Illouz (Likud) repeated in a post on X that he would not support government initiatives to incentivize haredim not to enlist in IDF service.  ""I am right to sacrifice everything that is requir… [+1230 chars]",https://www.jpost.com/israel-news/article-826987,2024-10-31T12:04:00Z
,,The Jerusalem Post,"'We're still in the eye of the storm,' Netanyahu says amid Lebanon ceasefire deal hopes",Netanyahu spoke on a day that seven civilians were killed in the north by Hezbollah fire and a month into Israel’s revved-up military campaign.,"Israel is “still in the eye of the storm,” Prime Minister Benjamin Netanyahu said amid increased hope that a ceasefire deal with Hezbollah in the north might soon be in reach.  “There are still great… [+2486 chars]",https://www.jpost.com/israel-news/article-827057,2024-10-31T17:45:29Z
,,The Jerusalem Post,Sara Netanyahu demands air force send two F-35 fighter jets to accompany PM's plane,"The drone launch toward Netanyahu’s home in Caesarea in mid-October again raised the alert level around Netanyahu. Consequently, security was increased around the prime minister, and his family.",In light of the Israeli Air Force's decision in September to dispatch two F-35 jets to escort Prime Minister Benjamin Netanyahu’s plane for part of its return flight from the UN General Assembly in N… [+4539 chars],https://www.jpost.com/israel-news/article-826911,2024-10-31T01:07:43Z
,,The Jerusalem Post,Netanyahu extends congratulations to new leader of UK Conservative Party,"Prime Minister Benjamin Netanyahu extended his congratulations on Sunday to Kemi Badenoch, who was voted in as","Prime Minister Benjamin Netanyahu extended his congratulations on Sunday to Kemi Badenoch, who was voted in as the new leader of the UK Conservative Party on Saturday.   I send my heart felt congratu… [+358 chars]",https://www.jpost.com/breaking-news/article-827340,2024-11-03T11:32:55Z
,,The Jerusalem Post,Netanyahu joins request to lift gag order over reports about his office,Prime Minister Benjamin Netanyahu asked the attorney-general to join the request to lift the gag order over re,"Prime Minister Benjamin Netanyahu asked the attorney-general to join the request to lift the gag order over reports regarding the Prime Minister's Office, the office said on Sunday.   On Thursday, th… [+227 chars]",https://www.jpost.com/breaking-news/article-827330,2024-11-03T09:48:57Z
,,The Jerusalem Post,Netanyahu: With or without an agreement we will keep Hezbollah beyond the Litani river,"Prime Minister Benjamin Netanyahu said that with or without an agreement, Israel must keep Hezbollah beyond th","Prime Minister Benjamin Netanyahu said that with or without an agreement, Israel must keep Hezbollah beyond the Litani River, as designated in UN resolution 1701, during a visit to the Lebanese borde… [+40 chars]",https://www.jpost.com/breaking-news/article-827371,2024-11-03T16:26:27Z
,,The Jerusalem Post,"Lapid: 'If Netanyahu didn’t know about leaked info, what does he know?'","“If Netanyahu knew, he is complicit in one of the most serious security breaches in the law book,"" Lapid said.","Prime Minister Benjamin Netanyahu is either complicit in leaking classified information in an attempt to thwart the hostage deal, or he is completely incompetent to lead the country, Opposition leade… [+1512 chars]",https://www.jpost.com/breaking-news/article-827392,2024-11-03T18:55:23Z
,,The Jerusalem Post,Netanyahu aide Eliezer Feldstein named as suspect in PMO leaked document case,"Feldstein was hired by the prime minister's office media team soon after the war began, but his employment status remained unclear.","A court ruled on Sunday that the gag order in the ongoing case regarding leaks of classified documents will remain in place. However, the ruling revealed new details about the case, in which a number… [+4594 chars]",https://www.jpost.com/breaking-news/article-827387,2024-11-03T18:35:26Z
,,BBC News,"Netanyahu aide leaks may have torpedoed hostage deal, court says",A top Netanyahu aide was among those arrested and investigated over leaked and falsified documents.,"Attempts to secure a peace deal in Gaza and secure the release of hostages held by Hamas may have been compromised by leaked and falsified documents involving a close aide to the prime minister, an I… [+4377 chars]",https://www.bbc.com/news/articles/cd9n02xxexko,2024-11-04T12:25:10Z
,,The Jerusalem Post,Netanyahu vs. Jabotinsky: lessons Israel’s Prime Minister needs to remember,Jabotinsky believed there would be no peace with the Palestinians unless imposed on them by force because no colonized nation would accept to remain colonized forever. Netanyahu must remember this.,"Precisely 101 years ago, on November 4, 1923, Ze'ev Jabotinsky published his article “The Iron Wall,” in which he addressed the question of ""colonizing Palestine"" and concluded that an agreement with… [+9216 chars]",https://www.jpost.com/opinion/article-827578,2024-11-04T21:41:53Z
,,The Jerusalem Post,"Netanyahu, Lapid to meet on Monday for security briefing",Prime Minister Benjamin Netanyahu and Opposition head Yair Lapid are set to meet on Monday for a security brie,"Prime Minister Benjamin Netanyahu and Opposition head Yair Lapid are set to meet on Monday for a security briefing, Walla reported.",https://www.jpost.com/breaking-news/article-827470,2024-11-04T08:48:19Z
,,The Jerusalem Post,Netanyahu pens letter to AG requesting to investigate leaks of classified discussions,Prime Minister Netanyahu addressed a letter to Attorney General Gali Baharav Miara demanding an investigation,"Prime Minister Netanyahu addressed a letter to Attorney General Gali Baharav Miara demanding an investigation into leaks from security discussions, the prime minister's office announced Monday.   ""Th… [+190 chars]",https://www.jpost.com/breaking-news/article-827551,2024-11-04T18:28:02Z
,,BBC News,Israel PM Netanyahu fires defence minister Gallant,"Netanyahu says trust between him Gallant has ""eroded"" in recent months.","Israel's Prime Minister Benjamin Netanyahu has fired defence minister Yoav Gallant, saying there is a ""crisis of trust"" between them.  Netanyahu said in a statement that his trust in Gallant had ""ero… [+1458 chars]",https://www.bbc.com/news/articles/cqj07jdzzgno,2024-11-05T18:32:39Z
,,Sky.com,Netanyahu sacks defence minister Gallant over 'crisis of trust',Israeli Prime Minister Benjamin Netanyahu has fired his defence minister Yoav Gallant.,Israeli Prime Minister Benjamin Netanyahu has fired his defence minister Yoav Gallant.  The move comes 14 months into the Middle East war sparked by the Hamas attack on Israel on 7 October 2023.  Mr … [+2290 chars],https://news.sky.com/story/israeli-prime-minister-benjamin-netanyahu-sacks-defence-minister-yoav-gallant-13248970,2024-11-05T18:02:00Z
,,The Jerusalem Post,Israeli politicians react to PM Netanyahu firing Defense Minister Gallant,"Head of The Democrats party, Yair Golan, called for protests, saying, ""Take to the streets.""","""The security of the State of Israel was and will always remain the mission of my life,"" Defense Minister Yoav Gallant posted on X/Twitter on Tuesday after Prime Minister Benjamin Netanyahu fired him… [+3783 chars]",https://www.jpost.com/israel-news/article-827721,2024-11-05T18:38:47Z
,,The Jerusalem Post,Netanyahu instructs to remove daycare bill from Knesset's Wednesday agenda,Prime Minister Benjamin Netanyahu instructed Coalition Chairman Ofir Katz to remove the daycare bill from the,"Prime Minister Benjamin Netanyahu instructed Coalition Chairman Ofir Katz to remove the daycare bill from the Knesset's Wednesday agenda, the Prime Minister's Office announced Tuesday.   The United T… [+87 chars]",https://www.jpost.com/breaking-news/article-827714,2024-11-05T17:47:34Z
,,The Jerusalem Post,Netanyahu fires Defense Minister Yoav Gallant on day of US elections,FM Israel Katz has been offered the defense minister role • Gideon Sa'ar offered to join government as new foreign minister,"Prime Minister Benjamin Netanyahu announced on Tuesday evening that he was removing Defense Minister Yoav Gallant from his position and replacing him with Israel Katz, citing a ""crisis of trust"" that… [+2785 chars]",https://www.jpost.com/breaking-news/article-827716,2024-11-05T18:00:32Z
,,The Jerusalem Post,"Why did Netanyahu fire Gallant, and what does it mean for Israel’s strategy in Gaza?","Tensions between Netanyahu and Gallant have been mounting for months, highlighting rifts within Israel’s government over military tactics and diplomatic alternatives.","Who is Yoav Gallant?  Yoav Gallant, recently dismissed as Israel’s Defense Minister, is a former general recognized for his practical, no-nonsense approach to security. Gallant built public respect f… [+3011 chars]",https://www.jpost.com/israel-news/politics-and-diplomacy/article-827744,2024-11-05T20:40:21Z
,,The Jerusalem Post,"Netanyahu speaks with IDF chief, Shin Bet and Mossad heads after Gallant's firing","Prime Minister Benjamin Netanyahu spoke with IDF Chief of Staff Herzi Halevi, Shin Bet chief Ronen Bar, and Mo","Prime Minister Benjamin Netanyahu spoke with IDF Chief of Staff Herzi Halevi, Shin Bet chief Ronen Bar, and Mossad head David Barnea on Tuesday evening, the Prime Minister's Office (PMO) announced.  … [+102 chars]",https://www.jpost.com/breaking-news/article-827748,2024-11-05T21:39:24Z
,,The Jerusalem Post,"Netanyahu denies reports he intends to fire IDF chief of staff, Shin Bet head","""Reports claiming that the Prime Minister intends to dismiss senior security officials are false and are inten","""Reports claiming that the Prime Minister intends to dismiss senior security officials are false and are intended to sow division and discord,"" the Prime Minister's Office (PMO) said in a statement f… [+207 chars]",https://www.jpost.com/breaking-news/article-827735,2024-11-05T19:42:47Z
,,DW (English),Israel: PM Netanyahu dismisses Defense Minister Gallant,"The Israeli prime minister said that trust in Gallant has ""eroded"" during the past year of war. Gallant has been replaced by Foreign Minister Israel Katz, who in turn will be replaced by Gideon Saar. Israeli Prime Minister Benjamin Netanyahu has dismissed Def…","Israeli Prime Minister Benjamin Netanyahu has dismissed Defense Minister Yoav Gallant on Tuesday, following months of tension over the war in Gaza.  ""Over the past few months that trust has eroded. I… [+1739 chars]",https://www.dw.com/en/israel-pm-netanyahu-dismisses-defense-minister-gallant/a-70702681,2024-11-05T18:25:00Z
,,The Jerusalem Post,A prime minister’s toxic agenda: How Netanyahu weakens Israel from within,"Gideon Sa’ar may not become Prime Minister after the shady affair of Gallant’s dismissal, but he’ll be remembered as the one who sold his soul for draft dodgers.","Yoav Gallant appears to be just the first to go. Next on the line: the IDF Chief of Staff and the head of the Shin Bet. Netanyahu wants Israel’s security apparatus to be molded in his image, an exten… [+6092 chars]",https://www.jpost.com/israel-news/politics-and-diplomacy/article-827746,2024-11-05T20:57:13Z
,,The Jerusalem Post,What’s an IDF soldier in Gaza supposed to think as Netanyahu fires his defense minister mid-war?,"Amid war on multiple fronts, fractured leadership rattles Israeli society and soldiers serving on the front lines.","Imagine this: a soldier, rifle in hand, boots sinking into Gaza’s dust, eyes scanning the horizon for threats. He’s a young guy—maybe 19, maybe 20—who’s already seen more in a month than most people … [+3091 chars]",https://www.jpost.com/israel-news/article-827753,2024-11-05T22:40:55Z
,,The Jerusalem Post,Extortion by dismissal: Netanyahu sacrifices Gallant on altar of coalition politics,The decision to dismiss Gallant on the evening of the US elections shows a calculated move by the Prime Minister to ensure he would get away with it.,"Wrapped in awkward and flimsy excuses about mistrust, the revenge of March 2023 was completed tonight in Jerusalem. Prime Minister Benjamin Netanyahu sent the dismissal letter to Defense Minister Yoa… [+3994 chars]",https://www.jpost.com/opinion/article-827729,2024-11-05T18:57:47Z
,,The Week Magazine,"Netanyahu fires defense minister, sparking protests","Yoav Gallant and Netanyahu have clashed for years. The Israeli prime minister first tried to fire the defense minister in 2023, but backed off following a public outcry.","What happened  Israeli Prime Minister Benjamin Netanyahu dismissed Defense Minister Yoav Gallant Tuesday, sidelining a popular rival as Israel fights grinding wars in Gaza and Lebanon. Gallant's firi… [+2244 chars]",https://theweek.com/politics/netanyahu-fires-yoav-gallant-israel,2024-11-06T17:02:00Z
,,BBC News,Netanyahu and Starmer lead congratulations to Trump,"Hungary's prime minister hails a ""much-needed victory for the world"", and France's president said it would work with him ""with respect and ambition"".",Israeli Prime Minister Benjamin Netanyahu and the UK's Keir Starmer have been among the first world leaders to congratulate Donald Trump - as he appears to be on the verge of winning the US president… [+3797 chars],https://www.bbc.com/news/articles/cly2z812zxvo,2024-11-06T09:31:49Z
,,Sky.com,Thousands join street protests after Israeli defence minister sacked by Netanyahu,"Police in Tel Aviv have used water cannon on protesters demonstrating against the decision to sack Israel's defence minister, Yoav Gallant.","Police in Tel Aviv have used water cannon on protesters demonstrating against the decision to sack Israel's defence minister, Yoav Gallant.  He was dismissed on Tuesday by Prime Minister Benjamin Net… [+1630 chars]",https://news.sky.com/story/thousands-join-street-protests-after-israeli-defence-minister-sacked-by-netanyahu-13249181,2024-11-06T02:19:00Z
,,The Jerusalem Post,Netanyahu calls Trump to congratulate him on projected election win,Prime Minister Benjamin Netanyahu called President-elect Donald Trump to congratulate him on his projected ele,"Prime Minister Benjamin Netanyahu called President-elect Donald Trump to congratulate him on his projected election win, Israeli media reported.   The call reportedly lasted 20 minutes.",https://www.jpost.com/breaking-news/article-827881,2024-11-06T16:31:33Z
,,The Jerusalem Post,"Sa'ar, Netanyahu sign coalition agreement","The agreement states that Sa'ar will become foreign minister, and MK Ze'ev Elkin will become a minister responsible for rehabilitating the North and South.","Prime Minister Benjamin Netanyahu and United Right chairman and foreign minister-elect MK Gideon Sa'ar signed a coalition agreement on Wednesday morning, officially cementing Sa'ar's entry into the c… [+1885 chars]",https://www.jpost.com/israel-news/article-827801,2024-11-06T09:42:09Z
,,The Jerusalem Post,"Gallant meets with IDF General Staff, after Netanyahu firing","""We have shifted the balance of power in the Middle East—from Gaza to Tehran, from Hodeidah to the Dahiyeh,"" Gallant said.","Outgoing Defense Minister Yoav Gallant met on Wednesday with the IDF General Staff, his office said, after he was fired by Prime Minister Benjamin Netanyahu on Tuesday.   ""We have shifted the balance… [+1705 chars]",https://www.jpost.com/israel-news/article-827914,2024-11-06T19:45:10Z
,,The Jerusalem Post,Opposition party leaders attack Netanyahu over Yoav Gallant's dismissal,"Lapid criticized the silence of “spineless” Likud MKs, calling their inaction “a disgrace remembered forever.”","Opposition Leader Yair Lapid condemned the firing of Defense Minister Yoav Gallant, accusing Prime Minister Benjamin Netanyahu of prioritizing draft exemption laws over national security. “Gallant wa… [+3359 chars]",https://www.jpost.com/israel-news/politics-and-diplomacy/article-827809,2024-11-06T10:28:38Z
,,The Jerusalem Post,Benjamin Netanyahu calls Donald Trump's election victory 'history’s greatest comeback',"""Your historic return to the White House offers a new beginning for America and a powerful recommitment to the great alliance between Israel and America,"" Netanyahu continued.","Israeli members of Knesset congratulated Donald Trump on Wednesday's election victory on social media.  Prime Minister Benjamin Netanyahu immediately wrote to the President-elect, stating, ""Congratul… [+3287 chars]",https://www.jpost.com/israel-news/politics-and-diplomacy/article-827780,2024-11-06T08:05:38Z
,,The Jerusalem Post,Netanyahu extends Washington ambassador Michael Herzog’s term until January,"Herzog, the 69-year-old brother of President Isaac Herzog, is a retired Brig.-Gen., former military secretary, and head of staff for defense ministers Shaul Mofaz and Ehud Barak.","Prime Minister Benjamin Netanyahu asked Ambassador Michael (Mike) Herzog to extend his term as Israel's Ambassador to Washington until January 20, 2025.  Herzog served as Israel's Ambassador to Washi… [+2037 chars]",https://www.jpost.com/breaking-news/article-828053,2024-11-07T16:12:24Z
,,BBC News,No guarantees Trump will give Netanyahu all he wants,"Trump's win has been welcomed by Israel but it's unclear what he will deliver, writes Lucy Williamson.","The bar facing the US consulate in Jerusalem is called Deja Bu - a witty reference to something youve drunk before.  And outside the gates of the US compound, Israel is eager for a second round of Do… [+4748 chars]",https://www.bbc.com/news/articles/cq6lm62vm7zo,2024-11-08T05:55:31Z
,,The Jerusalem Post,"Gallant is the man for the job! Netanyahu, we deserve better","A true leader would find a way to bridge those gaps, would see the fractures in the society they are charged with leading and protecting, and tend to them - What we have seen is the opposite.",Prime Minister Benjamin Netanyahu’s announcement on Tuesday evening that he has found a “crisis of trust” that “gradually deepened” with Defense Minister Yoav Gallant on the eve of US elections and a… [+4400 chars],https://www.jpost.com/opinion/article-828065,2024-11-08T03:55:01Z
,,The Jerusalem Post,Netanyahu appoints Dr. Yechiel Leiter as Israel's next US Ambassador,Leiter was Netanyahu's chief of staff at the Finance Ministry in the past and will step into his role on January 10.,"Prime Minister Benjamin Netanyahu has appointed Dr. Yechiel Leiter as Israel's next United States Ambassador, the Prime Minister's Office (PMO) announced on Friday.   Leiter was Netanyahu's chief of … [+902 chars]",https://www.jpost.com/breaking-news/article-828172,2024-11-08T12:30:10Z
,,The Jerusalem Post,"With Trump and Netanyahu achieving political strongholds, what happens now?","This time, Netanyahu wanted to make things right, hinting not only through his words but also through actions that he is eager to stay in Trump’s good graces.Prime Minister Benjamin Netanyahu’s decision to fire defense minister Yoav Gallant on Tuesday evening…","Prime Minister Benjamin Netanyahu’s decision to fire defense minister Yoav Gallant on Tuesday evening might not be the triumphant return of a leader after a sweeping electoral win, but in its own way… [+5110 chars]",https://www.jpost.com/opinion/article-828081,2024-11-08T08:10:35Z
,,Fortune,"Netanyahu says he’s talked to Trump 3 times since the election as Israel strikes Lebanon, Gaza",Israeli strikes killed dozens of people including children on Sunday in Lebanon and isolated northern Gaza.,"Israeli strikes killed dozens of people including children on Sunday in Lebanon and isolated northern Gaza, as the world watched for signs of how the U.S. election might affect the wars between Israe… [+5807 chars]",https://fortune.com/2024/11/10/netanyahu-donald-trump-calls-election-israel-iran-lebanon-gaza/,2024-11-10T23:50:20Z
,,Sky.com,Netanyahu says he and Trump 'see eye to eye' on Iran,"Benjamin Netanyahu says he and Donald Trump ""see eye to eye"" on Iran.","Benjamin Netanyahu says he and Donald Trump ""see eye to eye"" on Iran.  Israel's prime minister said he has spoken to the US president-elect three times since the election with the aim of tightening t… [+2221 chars]",https://news.sky.com/story/benjamin-netanyahu-says-he-and-donald-trump-see-eye-to-eye-on-iran-13252154,2024-11-10T16:14:00Z
,,The Jerusalem Post,Prime Minister Benjamin Netanyahu requests to postpone his court testimony,Prime Minister Benjamin Netanyahu requested the Jerusalem District Court postpone his testimony by two and a h,"Prime Minister Benjamin Netanyahu requested the Jerusalem District Court postpone his testimony by two and a half months.  Recently, sources close to Netanyahu have claimed that his testimony cannot … [+187 chars]",https://www.jpost.com/breaking-news/article-828480,2024-11-10T23:19:40Z
,,The Jerusalem Post,"ICC's Khan defends warrants against Netanyahu, Gallant amid war","“We have failed to live up to the promise of Never Again that was made in Nuremberg,” ICC Chief Prosecutor Karim Khan told reporters in the German city.",ICC Chief Prosecutor Karim Khan defended his decision to pursue warrants against Prime Minister Benjamin Netanyahu and other members of Israeli leadership in an interview with German paper Der Spiege… [+9073 chars],https://www.jpost.com/international/article-828342,2024-11-10T09:51:24Z
,,The Jerusalem Post,Netanyahu and Trump spoke together three times in recent days,"Prime Minister Benjamin Netanyahu spoke with President-elect Donald Trump three times in recent days, he said","Prime Minister Benjamin Netanyahu spoke with President-elect Donald Trump three times in recent days, he said during a cabinet meeting on Sunday.   Netanyahu said, ""We see eye to eye on the Iranian t… [+6 chars]",https://www.jpost.com/breaking-news/article-828400,2024-11-10T13:48:06Z
,,The Jerusalem Post,Prime Minister Benjamin Netanyahu takes responsibility for beeper attack in Lebanon - report,"Prime Minister Benjamin Netanyahu on Sunday reportedly ""took responsibility"" for the beeper attack in Lebanon","Prime Minister Benjamin Netanyahu on Sunday reportedly ""took responsibility"" for the beeper attack in Lebanon during a government meeting, Israeli media reported.   During the meeting, Netanyahu repo… [+124 chars]",https://www.jpost.com/breaking-news/article-828396,2024-11-10T13:17:39Z
,,The Jerusalem Post,Netanyahu calls ongoing investigation into PMO leak case 'a wild and relentless attack',"Prime Minister Benjamin Netanyahu said that his office is under ""a wild and relentless attack"" in a statement","Prime Minister Benjamin Netanyahu said that his office is under ""a wild and relentless attack"" in a statement issued by the Prime Minister's Office on Sunday due to the ongoing leaked documents case,… [+297 chars]",https://www.jpost.com/breaking-news/article-828433,2024-11-10T16:46:13Z
,,Biztoc.com,Netanyahu confirms Israel was behind pager blasts in Lebanon,"Israeli Prime Minister Benjamin Netanyahu confirmed on Sunday that his country was behind explosions of pagers and other communication devices used by Hezbollah in September, which killed dozens of pe...","Israeli Prime Minister Benjamin Netanyahu confirmed on Sunday that his country was behind explosions of pagers and other communication devices used by Hezbollah in September, which killed dozens of p… [+69 chars]",https://biztoc.com/x/8cf1c4759d3e22b9,2024-11-10T17:26:09Z
,,Biztoc.com,Netanyahu claims his office is target of ‘organised witch hunt’,Israeli PM says mounting scandals are designed to harm country’s leadership in middle of war,"Israeli PM says mounting scandals are designed to harm countrys leadership in middle of war  This story appeared on ft.com, 2024-11-10 21:18:44.",https://biztoc.com/x/baf61fe15f7396bb,2024-11-10T21:25:23Z
,,Biztoc.com,Netanyahu says he spoke to Trump 3 times since elections,"Israeli Prime Minister Benjamin Netanyahu revealed on Sunday that he spoke with United States President-elect Donald Trump three times since he won the presidential election.""We see eye-to-eye on the ...","Israeli Prime Minister Benjamin Netanyahu revealed on Sunday that he spoke with United States President-elect Donald Trump three times since he won the presidential election.""We see eye-to-eye on the… [+69 chars]",https://biztoc.com/x/051d413f2e7cbb14,2024-11-10T14:53:22Z
,,Biztoc.com,Israeli strikes kill dozens in Lebanon and northern Gaza as Netanyahu speaks with Trump,"Israeli Prime Minister Benjamin Netanyahu said that he has spoken three times with Donald Trump since Tuesday's election and they ""see eye-to-eye regarding the Iranian threat and all of its components.""","Israeli Prime Minister Benjamin Netanyahu said that he has spoken three times with Donald Trump since Tuesday's election and they ""see eye-to-eye regarding the Iranian threat and all of its component… [+56 chars]",https://biztoc.com/x/d5a1f5a5eb07a431,2024-11-10T21:35:47Z
,,Biztoc.com,Netanyahu says he spoke three times with Trump in recent days,"Israeli Prime Minister Benjamin Netanyahu said on Sunday that he has spoken three times with President-elect Trump in recent days. Netanyahu is also sending Minister of Strategic Affairs Ron Dermer to Mar-a-Lago this week, a senior Israeli official told Axios…",Israeli Prime Minister Benjamin Netanyahu said on Sunday that he has spoken three times with President-elect Trump in recent days. Netanyahu is also sending Minister of Strategic Affairs Ron Dermer t… [+136 chars],https://biztoc.com/x/f0e946f72b0fd57f,2024-11-10T15:26:17Z
,,NPR,Former Israeli defense minister blames Netanyahu in a meeting with families of hostages,A hostage relative tells NPR that now-former Israeli defense minister Yoav Gallant said a deal could have been reached already,A hostage relative tells NPR that now-former Israeli defense minister Yoav Gallant said a deal could have been reached already,https://www.npr.org/2024/11/10/nx-s1-5184473/former-israeli-defense-minister-blames-netanyahu-in-a-meeting-with-families-of-hostages,2024-11-10T13:34:04Z
,,Richmond.com,Israeli strikes kill dozens in Lebanon and isolated northern Gaza while Netanyahu and Trump speak,New Israeli strikes killed dozens of people Sunday including children in Lebanon and northern Gaza.,"DEIR AL-BALAH, Gaza Strip Israeli strikes killed dozens of people including children on Sunday in Lebanon and isolated northern Gaza, as the world watched for signs of how the U.S. election might aff… [+8477 chars]",https://richmond.com/news/nation-world/israel-war-middle-east-iran-hamas-hezbollah-benjamin-netanyahu-donald-trump/article_918e9728-236c-5412-bfa8-f9787280ceef.html,2024-11-10T22:46:00Z
,,Freerepublic.com,"Nextrush Unplugged Weekend*""The Liberal Capitalists Whipped The...Who Are Ultimately Jew Haters""*Is Netanyahu ""Trumped""?*Hierarchy Behind Elections In A Sinful World*Light At The End Of The Ukraine Tunnel*Geert Wilders And The Jew Hunt In Amsterdam*","The first song this week was something I heard because Jimmy Buffett's music... ""The Liberal Capitalists whipped The..."" Not that people but the election came out this way... October 7th, 2023 changed a lot in this world... Here's something to think about is …","Skip to comments.  Nextrush Unplugged Weekend*""The Liberal Capitalists Whipped The...Who Are Ultimately Jew Haters""*Is Netanyahu ""Trumped""?*Hierarchy Behind Elections In A Sinful World*Light At The E… [+2614 chars]",https://freerepublic.com/focus/f-bloggers/4277345/posts,2024-11-10T05:20:20Z
,,Fox News,"Netanyahu condemns antisemitic pogrom in Amsterdam, warns world leaders attacks will spread if don't act","Amid rising Jew-hatred across Europe, Amsterdam recently became ground zero of an outbreak of violent antisemitism as local Arabs attacked visiting Israeli soccer fans following a soccer game.","Join Fox News for access to this content  Plus special access to select articles and other premium content with your account - free of charge.  By entering your email and pushing continue, you are ag… [+7566 chars]",https://www.foxnews.com/world/netanyahu-condemns-antisemitic-pogrom-amsterdam-warns-world-leaders-attacks-spread-dont-act,2024-11-10T19:37:36Z
,,Time,"Netanyahu Says He and Trump ‘See Eye to Eye,’ as Israel Bombards Lebanon and Gaza",Netanyahu said he’s spoken three times with Trump since the election and that they “see eye-to-eye regarding the Iranian threat and all of its components.”,"DEIR AL-BALAH, Gaza Strip Israeli strikes killed dozens of people including children on Sunday in Lebanon and isolated northern Gaza, as the world watched for signs of how the U.S. election might aff… [+6078 chars]",https://time.com/7174795/netanyahu-trump-israel-airstrikes-lebanon-gaza/,2024-11-11T05:00:00Z
,,Biztoc.com,"Netanyahu, Trump Discuss Iran as Israel Hits Targets in Lebanon, Gaza","Israeli Prime Minister Benjamin Netanyahu announced that he has had three conversations with Donald Trump since Tuesday's election, emphasizing that they ""see eye-to-eye regarding the Iranian threat and all of its components."" Israeli President Isaac Herzog i…","Israeli Prime Minister Benjamin Netanyahu announced that he has had three conversations with Donald Trump since Tuesday's election, emphasizing that they ""see eye-to-eye regarding the Iranian threat … [+140 chars]",https://biztoc.com/x/61e6558c5ff2896d,2024-11-11T09:54:10Z
,,NBC News,Israel's new defense minister says Hezbollah defeated; Netanyahu acknowledges approving pager attacks,Israeli Defense Minister Israel Katz said Sunday that his country has defeated Hezbollah and that eliminating its leader Hassan Nasrallah was the crowning achievement.,"On Sept. 17, thousands of pagers simultaneously exploded in the southern suburbs of Beirut and other Hezbollah strongholds, in most cases after the devices beeped, indicating an incoming message.  Am… [+1055 chars]",https://www.nbcnews.com/news/world/israels-new-defense-minister-says-hezbollah-defeated-netanyahu-acknowl-rcna179554,2024-11-11T11:54:41Z
,,NPR,Israel's fired defense minister slams Netanyahu on his last day,"Israel’s ousted defense minister says the military achieved all of its Gaza objectives, and the prime minister held up a cease-fire deal that would have ended the war and freed remaining hostages.","Israels ousted defense minister says the military achieved all of its Gaza objectives, and the prime minister held up a cease-fire deal that would have ended the war and freed remaining hostages.",https://www.npr.org/2024/11/11/nx-s1-5186458/israels-fired-defense-minister-slams-netanyahu-on-his-last-day,2024-11-11T10:06:44Z
,,The Jerusalem Post,Netanyahu: Iran and the conscription law are twin threats that must be resolved,Senior members of the Haredi parties estimated that the conscription law would progress after Gallant's dismissal and his replacement with Katz.,"Following intense fractious debate over several proposed laws and amendments, Prime Minister Benjamin Netanyahu called on coalition members on Monday to come together and resolve the two largest thre… [+4431 chars]",https://www.jpost.com/israel-news/politics-and-diplomacy/article-828645,2024-11-11T18:37:21Z
,,New York Post,Israeli PM Benjamin Netanyahu confirms he was behind deadly pager attacks | Reporter Replay,"Israeli Prime Minister Benjamin Netanyahu approved the deadly exploding pager attacks on the Hezbollah terror group back in September, his office said for the first time on Nov. 11. A spokesperson for Netanyahu’s office confirmed that the Israeli leader gave …","Israeli Prime Minister Benjamin Netanyahu approved the deadly exploding pager attacks on the Hezbollah terror group back in September, his office said for the first time on Nov. 11.  A spokesperson f… [+196 chars]",https://nypost.com/video/israeli-pm-benjamin-netanyahu-confirms-he-was-behind-deadly-pager-attacks-reporter-replay/,2024-11-11T18:49:25Z
,,HuffPost,Israeli Strikes Kill Dozens In Lebanon And Northern Gaza While Netanyahu And Trump Speak,New Israeli strikes have killed dozens of people including children in Lebanon and northern Gaza.,"DEIR AL-BALAH, Gaza Strip (AP) Israeli strikes killed dozens of people including children on Sunday in Lebanon and isolated northern Gaza, as the world watched for signs of how the U.S. election migh… [+7076 chars]",https://www.huffpost.com/entry/mideast-wars_n_6730fe24e4b0076892d80289,2024-11-11T11:00:34Z
,,Biztoc.com,"Elise Stefanik Is Trump's UN Enforcer, and a Gift to Netanyahu",The new U.N. ambassador is one of President-elect Trump's most vocal supporters and a strong advocate for Israel.,"The new U.N. ambassador is one of President-elect Trump's most vocal supporters and a strong advocate for Israel.  This story appeared on newsweek.com, 2024-11-11 22:37:57.",https://biztoc.com/x/ece6cb75f697004e,2024-11-11T22:47:16Z
,,The Jerusalem Post,Netanyahu working from underground saferoom following drone attacks,Security advisors have recommended that Netanyahu avoid staying in specific locations for an extended period of time due to the threat of additional attacks.,"Prime Minister Benjamin Netanyahu has been holding security meetings in an underground saferoom, N12 reported on Sunday.   In October, a drone that infiltrated from Lebanon struck his home in Caesare… [+1448 chars]",https://www.jpost.com/israel-news/article-828506,2024-11-11T06:46:33Z
,,Freerepublic.com,Report: Netanyahu Confirms Israel Behind Pager Attack on Hezbollah,Israeli Prime Minister Benjamin Netanyahu reportedly confirmed Sunday that Israel was behind the “pager attacks” that killed or wounded thousands of Hezbollah terrorists in September and disrupted the group’s communications. The pager event has been called th…,Skip to comments.  Report: Netanyahu Confirms Israel Behind Pager Attack on HezbollahBreitbart ^   | 11/11/2024   | Joel B. Pollak  Posted on 11/11/2024 6:32:04 AM PST by ChicagoConservative27  Israe… [+2647 chars],https://freerepublic.com/focus/f-news/4277587/posts,2024-11-11T14:32:04Z
,,NPR,"Trump's New Government, Future Of Obamacare, Fired Israeli Minister Slams Netanyahu","President-elect Donald Trump has begun choosing members of his staff, as Republicans control the Senate and possibly even the House. Trump's return to the White House revives questions about the future of the Affordable Care Act. And, protest erupt in Israel …","President-elect Donald Trump has begun choosing members of his staff, as Republicans control the Senate and possibly even the House. Trump's return to the White House revives questions about the futu… [+565 chars]",https://www.npr.org/2024/11/11/1212475058/up-first-trump-cabinet-obamacare-gallant-netanyahu-11-11-2024,2024-11-11T11:06:39Z
,,Breitbart News,"J Street Fundraises over 'Nightmare Scenario' of Netanyahu, Trump Partnership","J Street, the George Soros-funded far-left organization that claims to be pro-Israel but typically opposes the Israeli government, is fundraising over what it calls a ""nightmare scenario"" of partnership between Israeli Prime Minister Benjamin Netanyahu and Pr…","J Street, the George Soros-funded far-left organization that claims to be pro-Israel but typically opposes the Israeli government, is fundraising over what it calls a “nightmare scenario” of partners… [+3116 chars]",https://www.breitbart.com/middle-east/2024/11/11/j-street-fundraises-over-nightmare-scenario-of-netanyahu-trump-partnership/,2024-11-11T14:07:56Z
,,Haaretz,"Netanyahu asks to delay trial testimony to February, citing war constraints","Netanyahu's lawyers say he won't be ready to testify at the beginning of December as scheduled, due to 'a series of extraordinary events' that includes July's killing of Mohammed Deif and the hostage talks","Netanyahu's lawyers say he won't be ready to testify at the beginning of December as scheduled, due to 'a series of extraordinary events' that includes July's killing of Mohammed Deif and the hostage… [+5 chars]",https://www.haaretz.com/israel-news/2024-11-11/ty-article/.premium/netanyahu-asks-to-delay-trial-testimony-to-february-citing-war-constraints/00000193-1caa-d76b-afd7-bfbb735f0000,2024-11-11T20:29:25Z
,,Haaretz,Israel's former defense minister makes public appearance after being fired by Netanyahu,"Former Defense Minister Yoav Gallant was present at a weekend concert by one of Israel's leading music icons, prompting both a hearty round of applause and Twitter backlash","In one of his first public appearances since his dismissal by Israeli Prime Minister Benjamin Netanyahu, former Defense Minister Yoav Gallant was greeted with a standing ovation on Saturday night whe… [+75 chars]",https://www.haaretz.com/israel-news/2024-11-11/ty-article/.premium/israels-former-defense-minister-makes-public-appearance-after-being-fired-by-netanyahu/00000193-1af4-db8b-addf-5af4c3400000,2024-11-11T12:41:17Z
,,Yahoo Entertainment,Netanyahu says Iran's government fears its people more than Israel,,"If you click 'Accept all', we and our partners, including 237 who are part of the IAB Transparency &amp; Consent Framework, will also store and/or access information on a device (in other words, use … [+678 chars]",https://consent.yahoo.com/v2/collectConsent?sessionId=1_cc-session_a3d35f9e-b6ba-4a8c-9633-4975284ed77f,2024-11-12T18:29:31Z
,,Biztoc.com,Netanyahu tells Iranians not to lose hope in 'special' message,"Israeli Prime Minister Benjamin Netanyahu on Tuesday called on the people of Iran not to lose hope, stating that the country's regime fears its own people more than Israel.In a video message published...","Israeli Prime Minister Benjamin Netanyahu on Tuesday called on the people of Iran not to lose hope, stating that the country's regime fears its own people more than Israel.In a video message publishe… [+69 chars]",https://biztoc.com/x/31436c211322407b,2024-11-12T17:37:32Z
,,Biztoc.com,Netanyahu tells Iranians 'don't lose hope' in 'special' message,"Israeli Prime Minister Benjamin Netanyahu on Tuesday called on the people of Iran not to lose hope, stating that the country's regime fears its own people more than Israel.In a video message published...","Israeli Prime Minister Benjamin Netanyahu on Tuesday called on the people of Iran not to lose hope, stating that the country's regime fears its own people more than Israel.In a video message publishe… [+69 chars]",https://biztoc.com/x/3afc62711f78b2a7,2024-11-12T17:47:24Z
,,Raw Story,Trump's pick for Middle East envoy a 'prominent' fundraiser — and staunch Netanyahu ally,"A longtime Donald Trump friend, golf buddy and investor has been named as the new special envoy to the Middle East, Reuters reported Tuesday afternoon, and early reactions on social media noted he's pro-Israel, with one critic openly wondering if he'll facili…","A longtime Donald Trump friend, golf buddy and investor has been named as the new special envoy to the Middle East, Reuters reported Tuesday afternoon, and early reactions on social media noted he's … [+1298 chars]",https://www.rawstory.com/steve-witkoff/,2024-11-12T23:36:34Z
,,The Jerusalem Post,"Netanyahu was aware of illegally obtained classified document, suspected leaker's attorney says","It is still unclear if Eliezer Feldstein, the PM's media team advisor suspected of leaking the documents, did so at the prime minister's orders.","Contrary to denials from the prime minister's office, Prime Minister Benjamin Netanyahu was handed the classified information at the heart of an ongoing investigation into illegal leaks to foreign me… [+4423 chars]",https://www.jpost.com/israel-news/article-828756,2024-11-12T10:25:08Z
,,The Jerusalem Post,AG to Netanyahu: You must send 7000 Haredi draft orders to avoid breaking the law,Attorney-General Gali Baharav-Miara appealed to Prime Minister Benjamin Netanyahu on the issue of recruiting t,"Attorney-General Gali Baharav-Miara appealed to Prime Minister Benjamin Netanyahu on the issue of recruiting the ultra-Orthodox (haredi) to the army on Tuesday.  The announcement reads, ""In response … [+410 chars]",https://www.jpost.com/breaking-news/article-828842,2024-11-12T19:55:31Z
,,Biztoc.com,Trump and Netanyahu envoy met about Middle East wars,"Israeli Prime Minister Benjamin Netanyahu's confidant Ron Dermer met President-elect Trump in Mar-a-Lago on Sunday, according to two Israeli officials and two U.S. officials with knowledge of the meeting.  Why it matters: An Israeli official said the meeting …","Israeli Prime Minister Benjamin Netanyahu's confidant Ron Dermer met President-elect Trump in Mar-a-Lago on Sunday, according to two Israeli officials and two U.S. officials with knowledge of the mee… [+143 chars]",https://biztoc.com/x/af884d331427b292,2024-11-12T00:36:59Z
,,The Jerusalem Post,Netanyahu hints he would hit Iranian oil fields if Tehran attacks,Netanyahu urged Iranians to imagine their free lives without 'the tyrants of Tehran' in an unusual English message.,Prime Minister Benjamin Netanyahu hinted that the IDF would hit Iranian oil fields should the Islamic Republic launch another ballistic missile attack on Israel.  “Another attack on Israel would simp… [+3446 chars],https://www.jpost.com/breaking-news/article-828818,2024-11-12T17:11:26Z
,,Haaretz,"'MBS was willing to go a long way toward Israel, but Netanyahu and his coalition have become unhinged'","There's a split-screen between Riyadh, where the Saudi Crown Prince accused Israel of genocide and called for the full recognition of Palestine, and Jerusalem, where far-right minister Bezalel Smotrich is prepping for annexation. Can the Trump administration …","Analysis | There's a split-screen between Riyadh, where the Saudi Crown Prince accused Israel of genocide and called for the full recognition of Palestine, and Jerusalem, where far-right minister Bez… [+118 chars]",https://www.haaretz.com/us-news/2024-11-13/ty-article/.premium/mbs-was-willing-to-go-a-long-way-toward-israel-but-netanyahu-has-become-unhinged/00000193-2219-d76b-afd7-a3991f260000,2024-11-12T22:05:42Z
,,The New Republic,Netanyahu Plans a Big Gift for Trump in Lebanon—Two Months From Now,"Israel is preparing a cease-fire plan regarding its bombing of Lebanon as a gift to the incoming Donald Trump administration, The Washington Post reports.  The Post reports, citing three Israeli sources, that Ron Dermer, the Israeli minister of strategic affa…","Its no secret that Israeli Prime Minister Benjamin Netanyahu supported Trump over Kamala Harris, and a quick peace deal would raise suspicions that Netanyahu was holding off ceasing hostilities befor… [+901 chars]",https://newrepublic.com/post/188400/netanyahu-israel-gift-trump-lebanon-january,2024-11-13T22:43:15Z
,,Freerepublic.com,News Summary-Intelligence Report Tuesday 11/12/2024*US Flight Ban For Haiti*German Election Planned*Deadly Rocket Attack In Israel*Sexual Harassment Allegation Painted On Prosecutor Going After Netanyahu*,"Two US warships repelling attacks... The US Federal Aviation Administration banning US flights to Haiti for 30 days. US aircraft also banned... Two Canadian men found guilty in connection with the 2022 COVID mandate protest blockade in Coutts, Alberta appeali…",Skip to comments.  News Summary-Intelligence Report Tuesday 11/12/2024*US Flight Ban For Haiti*German Election Planned*Deadly Rocket Attack In Israel*Sexual Harassment Allegation Painted On Prosecuto… [+3296 chars],https://freerepublic.com/focus/f-bloggers/4278001/posts,2024-11-13T03:19:45Z
,,Haaretz,Israel questions ICC judge's impartiality in Netanyahu arrest case,"Israel has requested to check if there are grounds to determine whether Slovenian judge Beti Hohler, who had previously worked for the Office of the Prosecutor, can be impartial",Israel has questioned the impartiality of an International Criminal Court judge appointed to a panel deciding whether an arrest warrant should be issued for Prime Minister Benjamin Netanyahu.  The mo… [+1833 chars],https://www.haaretz.com/israel-news/2024-11-13/ty-article/israel-questions-icc-judges-impartiality-in-netanyahu-arrest-case/00000193-2677-de99-a9bb-f7f7e57a0000,2024-11-13T17:09:56Z
,,Haaretz,This is how Netanyahu will annex the West Bank,Netanyahu likes to threaten grandiose moves so he can carry them out piecemeal while the rest of us are fighting pompous headlines about 'applying sovereignty',"With Donald Trump's return to the White House, the Israeli government's threats of annexation have also returned. At a meeting of his Religious Zionism party's Knesset members Monday, Finance Ministe… [+191 chars]",https://www.haaretz.com/opinion/2024-11-13/ty-article-opinion/.premium/salamic-tactics-netanyahus-goat-tactics-will-annex-the-west-bank/00000193-2520-d707-a9d3-7dbb7cb20000,2024-11-13T12:06:29Z
,,Haaretz,Netanyahu sounds like he's busy prepping a defense. The panic in his office is palpable,"Netanyahu, who has already accused police, prosecutors and the attorney general of a 'witch hunt' against him, is now targeting the Shin Bet. Despite new leadership in these bodies, he claims a conspiracy is at play, portraying himself as a victim of systemic…","Analysis | Netanyahu, who has already accused police, prosecutors and the attorney general of a 'witch hunt' against him, is now targeting the Shin Bet. Despite new leadership in these bodies, he cla… [+82 chars]",https://www.haaretz.com/israel-news/2024-11-13/ty-article/.premium/netanyahu-sounds-like-hes-busy-prepping-a-defense-the-panic-in-his-office-is-palpable/00000193-24f4-db8b-addf-7cf4248e0000,2024-11-13T12:33:29Z
,,Haaretz,Only Netanyahu could have chosen a cushier Trump foreign policy team,"President-elect Donald Trump's appointees so far, from Mike Huckabee to Pete Hegseth, highlight how much of a priority the Middle East will be for him. Pro-Israel hawks are pleased, Palestinians and isolationists - not so much","Analysis | President-elect Donald Trump's appointees so far, from Mike Huckabee to Pete Hegseth, highlight how much of a priority the Middle East will be for him. Pro-Israel hawks are pleased, Palest… [+37 chars]",https://www.haaretz.com/us-news/2024-11-13/ty-article/.premium/only-netanyahu-could-have-chosen-a-cushier-trump-foreign-policy-team/00000193-25c9-d76b-afd7-a7d9336d0001,2024-11-13T17:26:18Z
,,Yahoo Entertainment,"Israel's attorney general tells Netanyahu to reexamine police minister's role, media reports",,"If you click 'Accept all', we and our partners, including 237 who are part of the IAB Transparency &amp; Consent Framework, will also store and/or access information on a device (in other words, use … [+678 chars]",https://consent.yahoo.com/v2/collectConsent?sessionId=1_cc-session_69892c7f-7797-49e2-8d1b-052d47fdc824,2024-11-14T21:50:58Z
,,Naturalnews.com,"Netanyahu under investigation for allegedly altering cabinet meeting minutes amid ICC, ICJ scrutiny",Israeli Prime Minister Benjamin Netanyahu is under investigation following accusations that he allegedly altered the minutes of cabinet meetings related to Israel’s preparations for potential legal proceedings before the International Criminal Court (ICC) and…,The investigation stems from earlier reports suggesting Netanyahu edited transcripts of high-level security meetings during the early days of the Gaza war. These edits allegedly aimed to obscure or d… [+2746 chars],https://www.naturalnews.com/2024-11-14-netanyahu-investigation-altering-cabinet-meeting-minutes-scrutiny.html,2024-11-14T06:00:00Z
,,CounterPunch,Netanyahu and Trump: The Fascist Tag Team From Hell,"In what war criminal and Israeli Prime Minister Benjamin Netanyahu called “history’s greatest comeback,” sexual predator, game show host and former Wrestlemania idol Donald Trump was re-elected as US President. Netanyahu, ever quick to kiss Trump’s ring, has …","Emboldened by Trump’s green light and timeline, Netanyahu may escalate his genocidal actions leading up to the inauguration, while a lame-duck President and defeated Vice President lick their wounds … [+6904 chars]",https://www.counterpunch.org/2024/11/14/netanyahu-and-trump-the-fascist-tag-team-from-hell/,2024-11-14T06:50:36Z
,,Dnyuz.com,Investigators Assess if Netanyahu Aides Forged Oct. 7 Phone Records...,"On the morning that Hamas raided Israel last year, a top Israeli general called his prime minister, Benjamin Netanyahu, to","On the morning that Hamas raided Israel last year, a top Israeli general called his prime minister, Benjamin Netanyahu, to tell him that hundreds of militants appeared to be preparing to invade.  Now… [+9827 chars]",https://dnyuz.com/2024/11/14/investigators-assess-if-netanyahus-aides-forged-oct-7-phone-records/,2024-11-14T13:00:03Z
,,The Jerusalem Post,AG sends letter to Netanyahu urging him to reconsider Ben-Gvir as national security minister,"In response, National Security Minister Ben-Gvir called the letter 'an attempt to overthrow an elected government.'","Attorney-General Gali Baharav-Miara sent a letter to Prime Minister Benjamin Netanyahu asking him to reconsider his position on National Security Minister Itamar Ben-Gvir's tenure, the office of the … [+1607 chars]",https://www.jpost.com/breaking-news/article-829203,2024-11-14T20:09:47Z
,,Haaretz,AG calls on Netanyahu to reconsider his position on Ben-Gvir as national security minister,"The attorney general warned that Ben-Gvir's alleged interference in police work, along with officers' reliance on the minister for promotions, risks compromising the police's duty to serve the public over political interests","The attorney general warned that Ben-Gvir's alleged interference in police work, along with officers' reliance on the minister for promotions, risks compromising the police's duty to serve the public… [+24 chars]",https://www.haaretz.com/israel-news/2024-11-14/ty-article/.premium/ag-tells-netanyahu-to-reassess-ben-gvirs-suitability-as-national-security-minister/00000193-2c5b-d966-abbf-acdf643f0000,2024-11-14T21:22:14Z
,,Haaretz,Netanyahu is in his element: Focusing on scandals and suspicions only serves his interests,Politician say that the goings-on in Netanyahu's bureau are do not affect his popularity and have the added bonus of frustrating the opposition's efforts to focus on the hostages and the draft evasion law,"The judges in Benjamin Netanyahu's endless corruption trial convened Wednesday to deliberate on his request to delay for 10 weeks the start of his testimony, scheduled for December 2. This, against t… [+399 chars]",https://www.haaretz.com/israel-news/2024-11-14/ty-article/.premium/netanyahu-is-in-his-element-focusing-on-scandals-and-suspicions-only-serves-his-interests/00000193-27c4-dba4-a3bb-7fc6f5840000,2024-11-14T00:37:22Z
,,BBC News,Netanyahu aide investigated over 7 October document changes,Tzachi Braverman is accused of altering phone records to make the prime minister look more decisive.,The Chief of Staff to Israeli Prime Minister Benjamin Netanyahu is being investigated by police over allegations of altering documents relating to the 7 October Hamas attack to portray his boss in a … [+2495 chars],https://www.bbc.com/news/articles/cgk18pdnxmmo,2024-11-15T15:15:21Z
,,Biztoc.com,How Much Influence Will Benjamin Netanyahu Have Over Donald Trump? | Opinion,"In May 2018, President Donald Trump famously pulled out of the Iran nuclear deal. It was the undoing of his predecessor, President Barack Obama's, signature foreign policy achievement and the move, as controversial as it was, was explained as the first step n…","In May 2018, President Donald Trump famously pulled out of the Iran nuclear deal. It was the undoing of his predecessor, President Barack Obama's, signature foreign policy achievement and the move, a… [+134 chars]",https://biztoc.com/x/8d129a59c62a5ead,2024-11-15T09:10:29Z
,,Vanity Fair,The Bombshell Documentary Benjamin Netanyahu Doesn’t Want You to See,"Filmmaker Alexis Bloom breaks down ‘The Bibi Files,’ a damning portrait of the indicted Israeli prime minister and his inner circle.","Its about getting to know the first family of Israel in a whole new way, director Alexis Bloom (Catching Fire: The Story of Anita Pallenberg) says of her upcoming documentary The Bibi Files. The film… [+3019 chars]",https://www.vanityfair.com/hollywood/story/bombshell-documentary-benjamin-netanyahu,2024-11-15T22:56:33Z
,,NBC News,Israel’s attorney general tells Netanyahu to reexamine ultranationalist police minister’s role,"Israel’s Attorney General on Thursday told Prime Minister Benjamin Netanyahu to reevaluate the tenure of his far-right National Security Minister Itamar Ben-Gvir, citing his alleged interference in police matters.","Israels Attorney General on Thursday told Prime Minister Benjamin Netanyahu to reevaluate the tenure of his far-right National Security Minister Itamar Ben-Gvir, citing his alleged interference in po… [+844 chars]",https://www.nbcnews.com/news/world/israels-attorney-general-tells-netanyahu-reexamine-police-ministers-ro-rcna180296,2024-11-15T09:38:30Z
,,The Jerusalem Post,"Smotrich’s visit to Nir Oz offers hope of unity, Netanyahu should follow suit",Smotrich’s visit to Nir Oz offers Israelis a glimpse of compassion and resilience amid ongoing conflict and division.,"The daily news is becoming too painful to follow. Almost every day, we’re inundated with photos and heartbreaking stories of newly fallen soldiers… their faces so young, innocent and full of promise … [+4148 chars]",https://www.jpost.com/opinion/article-829189,2024-11-15T03:55:35Z
,,Freerepublic.com,News Summary-Intelligence Report 11/14/2024 Newsdump Thursday*RFK Jr. Nominated Trump Cabinet*Netanyahu Chief Of Staff Accused Of Altering October 7th Record*Pro-Palestinian Protesters Say Dutch Police Beat Them*Deadly Israeli Air Attack On Damascus*,North Dakota Governor Doug Burgum nominated...Secretary of the Interior... Donald Trump nominating several of his lawyers to key positions in the US Justice Department... Claiming two Iranian officials as sources the New York Times saying that Elon Musk met..…,Skip to comments.  News Summary-Intelligence Report 11/14/2024 Newsdump Thursday*RFK Jr. Nominated Trump Cabinet*Netanyahu Chief Of Staff Accused Of Altering October 7th Record*Pro-Palestinian Protes… [+2997 chars],https://freerepublic.com/focus/f-bloggers/4278528/posts,2024-11-15T04:08:36Z
,,Breitbart News,Duckworth: It's 'Scary' Huckabee Won't Hold War Criminal Netanyahu Accountable,"On Thursday’s broadcast of “CNN News Central,” Sen. Tammy Duckworth (D-IL) said that Mike Huckabee, President-Elect Donald Trump’s nominee to be the U.S. ambassador to Israel, “has been making statements that [seem] to back up Netanyahu” and Netanyahu “has co…","On Thursday’s broadcast of “CNN News Central,” Sen. Tammy Duckworth (D-IL) said that Mike Huckabee, President-Elect Donald Trump’s nominee to be the U.S. ambassador to Israel, “has been making statem… [+1072 chars]",https://www.breitbart.com/clips/2024/11/15/duckworth-its-scary-huckabee-wont-hold-war-criminal-netanyahu-accountable/,2024-11-15T12:15:13Z
,,Haaretz,"As Netanyahu strives for endless war, his own coalition could be the major obstacle",The Israeli prime minister is on a collision course as he attempts to navigate his ultra-Orthodox partners' demand for a blanket exemption from military service and the vision of the far-right members of the coalition – which will entail recruiting a lot more…,What's still being whispered in the corridors of the defense establishment will soon be understood by the majority of the public. Most of the military threat posed to the communities of the western N… [+570 chars],https://www.haaretz.com/israel-news/2024-11-15/ty-article/.premium/as-netanyahu-strives-for-endless-war-his-own-coalition-could-be-the-major-obstacle/00000193-2c59-dad9-a9f3-ad79f4210000,2024-11-15T04:01:09Z
,,Haaretz,Israel's fumbling defense minister is the gift that keeps on giving - to Netanyahu,"In just a few days, Israel Katz has declared victory over Hezbollah, fumbled the presentation of his director-general and driven  the army chief to distraction – all to the delight of the prime minister ■ The lid has finally been lifted from the vipers' nest …","The naïve among us will find it difficult to believe, but resentment (to use a mild term) was a factor in the decision to fire Yoav Gallant and replace him with Israel Katz. When pollsters would ask,… [+239 chars]",https://www.haaretz.com/israel-news/2024-11-15/ty-article/.premium/israels-fumbling-defense-minister-is-the-gift-that-keeps-on-giving-to-netanyahu/00000193-2c58-d56a-a59f-6ffd7eee0000,2024-11-15T04:00:06Z
